,MAE,RMSE,R2
Linear Regression,9.881042344492753e-13,1.421441524791347e-12,1.0
Ridge,0.12394042862152935,0.1693079870734589,0.9947880760331418
Lasso,0.0784760224547208,0.08619216248567645,0.9986492383168083
ElasticNet,0.09545208583004067,0.1172069313934984,0.9975022453835387
SVR (RBF),2.322797356828194,2.602797669351733,-0.2317540449043245
Random Forest,0.12336206896551724,0.1333236739945828,0.9967681014127042
